n_months,ann_return_strategy,ann_return_benchmark,ann_vol_strategy,ann_vol_benchmark,sharpe_strategy,sharpe_benchmark,max_dd_strategy,max_dd_benchmark,hit_rate_vs_bench,avg_excess_ret_monthly,avg_monthly_turnover,top_sector__Consumer_Cyclical,top_sector__Energy,top_sector__Communications,top_sector__Consumer_Non_Cyclical,top_sector__Basic_Industry
195,0.047239577925233034,0.06773799257771351,0.05270211940214484,0.07529465224530486,0.8775095903173503,0.8728601745808738,-0.13032517258982979,-0.1643123472846707,0.36923076923076925,-0.0016030586236617183,0.24311914334971493,0.17291488345761558,0.14389678735222486,0.11464353423792989,0.1035060164747193,0.09093273036446935
